{
  "dinov3_high": {
    "config_name": "dinov3_high",
    "recall_at_1": 1.0,
    "recall_at_3": 1.0,
    "recall_at_5": 1.0,
    "precision_at_1": 1.0,
    "precision_at_3": 0.9514973958333334,
    "precision_at_5": 0.9419921874999999,
    "mrr": 1.0,
    "avg_retrieval_time_ms": 0.0724459532648325,
    "avg_generation_time_ms": 0.0,
    "avg_total_time_ms": 0.0724459532648325,
    "damage_type_distribution": {
      "surface_scratch": 4938,
      "dent": 77,
      "misaligned_part": 38,
      "missing_part": 15,
      "crack": 7,
      "missing_accessory": 28,
      "paint_peeling": 14,
      "deep_scratch": 3
    },
    "num_queries": 1024
  },
  "dinov3_medium": {
    "config_name": "dinov3_medium",
    "recall_at_1": 0.8916015625,
    "recall_at_3": 0.9541015625,
    "recall_at_5": 0.9599609375,
    "precision_at_1": 0.8916015625,
    "precision_at_3": 0.8844401041666666,
    "precision_at_5": 0.880859375,
    "mrr": 0.9225423177083333,
    "avg_retrieval_time_ms": 0.04754704423248768,
    "avg_generation_time_ms": 0.0,
    "avg_total_time_ms": 0.04754704423248768,
    "damage_type_distribution": {
      "dent": 183,
      "surface_scratch": 4703,
      "paint_peeling": 58,
      "deep_scratch": 66,
      "misaligned_part": 16,
      "missing_part": 73,
      "missing_accessory": 18,
      "unknown": 3
    },
    "num_queries": 1024
  },
  "dinov3_low": {
    "config_name": "dinov3_low",
    "recall_at_1": 0.4951171875,
    "recall_at_3": 0.8642578125,
    "recall_at_5": 0.9560546875,
    "precision_at_1": 0.4951171875,
    "precision_at_3": 0.3818359375,
    "precision_at_5": 0.36601562500000007,
    "mrr": 0.6771972656249999,
    "avg_retrieval_time_ms": 0.015522819012403488,
    "avg_generation_time_ms": 0.0,
    "avg_total_time_ms": 0.015522819012403488,
    "damage_type_distribution": {
      "misaligned_part": 101,
      "paint_peeling": 830,
      "deep_scratch": 46,
      "dent": 1359,
      "crack": 758,
      "surface_scratch": 1937,
      "missing_part": 89
    },
    "num_queries": 1024
  },
  "qwen3_high": {
    "config_name": "qwen3_high",
    "recall_at_1": 1.0,
    "recall_at_3": 1.0,
    "recall_at_5": 1.0,
    "precision_at_1": 1.0,
    "precision_at_3": 0.98828125,
    "precision_at_5": 0.9822265625,
    "mrr": 1.0,
    "avg_retrieval_time_ms": 0.046529341489076614,
    "avg_generation_time_ms": 0.0,
    "avg_total_time_ms": 0.046529341489076614,
    "damage_type_distribution": {
      "surface_scratch": 4882,
      "dent": 101,
      "misaligned_part": 51,
      "missing_accessory": 36,
      "missing_part": 19,
      "crack": 22,
      "paint_peeling": 8,
      "deep_scratch": 1
    },
    "num_queries": 1024
  },
  "qwen3_medium": {
    "config_name": "qwen3_medium",
    "recall_at_1": 0.9619140625,
    "recall_at_3": 0.9853515625,
    "recall_at_5": 0.986328125,
    "precision_at_1": 0.9619140625,
    "precision_at_3": 0.9645182291666667,
    "precision_at_5": 0.961328125,
    "mrr": 0.9730631510416667,
    "avg_retrieval_time_ms": 0.029674731194972992,
    "avg_generation_time_ms": 0.0,
    "avg_total_time_ms": 0.029674731194972992,
    "damage_type_distribution": {
      "surface_scratch": 4829,
      "deep_scratch": 67,
      "dent": 114,
      "misaligned_part": 15,
      "missing_part": 66,
      "missing_accessory": 21,
      "paint_peeling": 7,
      "unknown": 1
    },
    "num_queries": 1024
  },
  "qwen3_low": {
    "config_name": "qwen3_low",
    "recall_at_1": 0.9462890625,
    "recall_at_3": 0.9765625,
    "recall_at_5": 0.98828125,
    "precision_at_1": 0.9462890625,
    "precision_at_3": 0.9345703125,
    "precision_at_5": 0.9246093750000001,
    "mrr": 0.9629231770833333,
    "avg_retrieval_time_ms": 0.014463439583778381,
    "avg_generation_time_ms": 0.0,
    "avg_total_time_ms": 0.014463439583778381,
    "damage_type_distribution": {
      "surface_scratch": 4697,
      "deep_scratch": 109,
      "dent": 139,
      "missing_part": 28,
      "misaligned_part": 37,
      "paint_peeling": 59,
      "crack": 51
    },
    "num_queries": 1024
  }
}